epoch,learning_rate,loss,stage1_bottle_unet_loss,stage1_bottle_unet_s1_acc,stage2_bottle_unet_loss,stage2_bottle_unet_s2_acc,val_loss,val_stage1_bottle_unet_loss,val_stage1_bottle_unet_s1_acc,val_stage2_bottle_unet_loss,val_stage2_bottle_unet_s2_acc
0,0.0010000000474974513,2.418510913848877,1.2760567665100098,0.30554819107055664,1.1424540281295776,0.02277606725692749,2.276899576187134,1.1643983125686646,0.31206586956977844,1.1125012636184692,0.027443263679742813
0,0.0010000000474974513,2.7625062465667725,1.490613341331482,0.32509517669677734,1.271892786026001,0.11197376251220703,2.6869142055511475,1.3690810203552246,0.2182910293340683,1.3178328275680542,0.10718212276697159
1,0.0010000000474974513,2.465066909790039,1.3214867115020752,0.24790096282958984,1.1435800790786743,0.17642879486083984,2.6160764694213867,1.3430358171463013,0.3717402517795563,1.273040533065796,0.12590204179286957
0,0.0010000000474974513,2.7625062465667725,1.490613341331482,0.32509517669677734,1.271892786026001,0.11197376251220703,2.6869142055511475,1.3690810203552246,0.2182910293340683,1.3178328275680542,0.10718212276697159
1,0.0010000000474974513,2.465066909790039,1.3214867115020752,0.24790096282958984,1.1435800790786743,0.17642879486083984,2.6188430786132812,1.3339952230453491,0.3502883315086365,1.2848480939865112,0.13142797350883484
0,0.0010000000474974513,2.2014386653900146,1.0159293413162231,0.7323143482208252,1.1855099201202393,0.4268384575843811,1.9333456754684448,0.717951774597168,0.8204618692398071,1.2153934240341187,0.7261902689933777
1,0.0010000000474974513,1.7815039157867432,0.6724024415016174,0.8597621917724609,1.1091004610061646,0.7108034491539001,1.7305607795715332,0.5704551339149475,0.8326582908630371,1.1601061820983887,0.7585557699203491
0,0.0010000000474974513,2.2014386653900146,1.0159293413162231,0.7323143482208252,1.1855099201202393,0.4268384575843811,1.9333456754684448,0.717951774597168,0.8204618692398071,1.2153934240341187,0.7261902689933777
1,0.0010000000474974513,1.7854163646697998,0.6730636358261108,0.8576952219009399,1.1123522520065308,0.7097594141960144,1.7400950193405151,0.5737317800521851,0.8307598233222961,1.1663631200790405,0.7680085301399231
2,0.0010000000474974513,1.5789000988006592,0.5491743683815002,0.8845455050468445,1.0297257900238037,0.781595766544342,1.6330571174621582,0.5159040093421936,0.8623888492584229,1.1171529293060303,0.7229133248329163
3,0.0010000000474974513,1.569587230682373,0.5335162281990051,0.8650001883506775,1.036070466041565,0.7661033272743225,1.5876401662826538,0.5080696940422058,0.8555864095687866,1.0795705318450928,0.7672885656356812
4,0.0010000000474974513,1.5578367710113525,0.520060122013092,0.8647631406784058,1.037776231765747,0.7654823064804077,1.5616443157196045,0.5016587376594543,0.8622667789459229,1.0599857568740845,0.755480170249939
5,0.0010000000474974513,1.5583308935165405,0.5292977690696716,0.8655215501785278,1.029032826423645,0.7494602203369141,1.5046836137771606,0.4870832860469818,0.8632957339286804,1.0176005363464355,0.7578295469284058
